<?xml version="1.0" encoding="utf-8" ?>
<AppParametrization>
  <ParametersDefinition>
	  <Parameter   GroupSection="Server Connectivity"  
                 ParameterKey="PayStudioServerName"
                 Caption="Server Name" 
                 Default="localhost" 
                 IsEditable="1"/>

	  <Parameter   GroupSection="Server Connectivity"  
                 ParameterKey="PayStudioServerPort"
                 Caption="Server Port" 
                 Default="7777"
                 IsEditable="1"/>
	   <Parameter   GroupSection="Others"  
                 ParameterKey="ShowMapErrors"
                 Caption="Show map errors" 
                 Default="true"
                 IsEditable="1"/>
  </ParametersDefinition>
  
  <ParametersWriteDefinition TargetFileName="ACWorkStation.exe.config">
    
    <StdParameter ParameterKey="PayStudioServerName"
                  WriteKey="value" 
                  WriteSectionPath="configuration/appSettings//add[@key='PayStudioServerName']" />

    <StdParameter ParameterKey="PayStudioServerPort"
				          WriteKey="value" 
				          WriteSectionPath="configuration/appSettings//add[@key='PayStudioServerPort']" />
	
	<StdParameter ParameterKey="ShowMapErrors"
				          WriteKey="value" 
				          WriteSectionPath="configuration/appSettings//add[@key='ShowMapErrors']" />
           
  </ParametersWriteDefinition>
    <Options>
	  <Option   Key="EnableTestButton"  
                 Value="true" />	 
  </Options>
</AppParametrization>